,Training Steps,bleu_src_to_tgt,bleu_tgt_to_src,chrf_src_to_tgt,chrf_tgt_to_src
0,150,31.248361766340192,66.44123278410504,63.27682402232194,80.94376571087199
1,075,15.631482920446988,55.81250909848343,49.54785645108682,74.68029531926666
2,175,41.41383535998252,70.91959950397057,67.18175953989922,82.94461807666988
3,100,22.541371129153475,55.5011624183718,56.09727211110914,74.24988545808249
4,225,35.373425502274394,70.08494182463637,63.300606753283816,82.36105672448527
5,200,43.94165905957983,67.83638295093064,70.69974399753106,80.00023915077914
6,125,24.921271648961905,62.089549002102885,61.236537794271584,78.96669771362356
